{
  "alpha": [
    0.0,
    0.5,
    1.0,
    1.5,
    2.0,
    2.5,
    3.0,
    3.5,
    4.0,
    4.5,
    5.0,
    5.5,
    6.0,
    6.5,
    7.0,
    7.5
  ],
  "T": [
    0.0012570091034967944,
    0.03946667012141211,
    0.13593044934066792,
    0.4338865630605658,
    1.0322826606837017,
    1.7140603864424049,
    1.8195602858351152,
    0.7879287742630076,
    -0.8289589053949664,
    -1.840380410283173,
    -1.7275582863968144,
    -1.0383911300029025,
    -0.4379278334469602,
    -0.1433975217874967,
    -0.0430906450442844,
    -0.0040804554636151074
  ]
}