{
  "alpha": [
    0.0,
    0.5,
    1.0,
    1.5,
    2.0,
    2.5,
    3.0,
    3.5,
    4.0,
    4.5,
    5.0,
    5.5,
    6.0,
    6.5,
    7.0,
    7.5
  ],
  "T": [
    -0.0012647325557685544,
    0.10468271191162128,
    0.18070283694173023,
    0.20456777015907807,
    0.18082016832569223,
    0.06594044060931391,
    -0.14377533997952688,
    -0.1482601706172925,
    0.16808385002797216,
    0.19433519059128793,
    -0.052805592479374656,
    -0.16241277613927688,
    -0.21307447369265103,
    -0.18834416864767248,
    -0.10778895759537432,
    -0.00809260740394124
  ]
}