{
  "alpha": [
    0.0,
    0.75,
    1.5,
    2.25,
    3.0,
    3.75,
    4.5,
    5.25,
    6.0,
    6.75,
    7.5
  ],
  "T": [
    0.002707633030925826,
    0.14772798096221687,
    0.20775873458349545,
    0.13967736784800863,
    -0.12359279021818288,
    -0.002195670562697876,
    0.12488022557888304,
    -0.12716770779251976,
    -0.20588234398755295,
    -0.14240086087763584,
    -0.006781805725791314
  ]
}