{
  "alpha": [
    0.0,
    0.1,
    0.2,
    0.30000000000000004,
    0.4,
    0.5,
    0.6000000000000001,
    0.7000000000000001,
    0.8,
    0.9,
    1.0,
    1.1,
    1.2000000000000002,
    1.3,
    1.4000000000000001,
    1.5,
    1.6,
    1.7000000000000002,
    1.8,
    1.9000000000000001,
    2.0,
    2.1,
    2.2,
    2.3000000000000003,
    2.4000000000000004,
    2.5,
    2.6,
    2.7,
    2.8000000000000003,
    2.9000000000000004,
    3.0,
    3.1,
    3.2,
    3.3000000000000003,
    3.4000000000000004,
    3.5,
    3.6,
    3.7,
    3.8000000000000003,
    3.9000000000000004,
    4.0,
    4.1000000000000005,
    4.2,
    4.3,
    4.4,
    4.5,
    4.6000000000000005,
    4.7,
    4.800000000000001,
    4.9,
    5.0,
    5.1000000000000005,
    5.2,
    5.300000000000001,
    5.4,
    5.5,
    5.6000000000000005,
    5.7,
    5.800000000000001,
    5.9,
    6.0,
    6.1000000000000005,
    6.2,
    6.300000000000001,
    6.4,
    6.5,
    6.6000000000000005,
    6.7,
    6.800000000000001,
    6.9,
    7.0,
    7.1000000000000005,
    7.2,
    7.300000000000001,
    7.4,
    7.5
  ],
  "T": [
    0.002747291192996604,
    0.019755398578211847,
    0.04019081775208286,
    0.06154637659853687,
    0.08523851160814792,
    0.10664713081012464,
    0.12518559728560455,
    0.13771641592507447,
    0.15307515397880464,
    0.16740626218063057,
    0.18423962246342104,
    0.19545123006896417,
    0.20293260938754687,
    0.20824344192649183,
    0.207691602036186,
    0.21035242804589727,
    0.20859730868558368,
    0.2066615346872037,
    0.20066161232782792,
    0.18180497103920656,
    0.17031395873316169,
    0.16262539420666128,
    0.13603406834720888,
    0.11602546790759384,
    0.10255851322615823,
    0.06950561715778418,
    0.037568128243819235,
    -0.00802482597859308,
    -0.04404105054258647,
    -0.08167667715882417,
    -0.1310916253885165,
    -0.16572089887493233,
    -0.17640971985571527,
    -0.18773003966189983,
    -0.17974869931184567,
    -0.1384308299057569,
    -0.11747261239620936,
    -0.03266375940229923,
    -0.004516337214773487,
    0.05455223494273301,
    0.11378863783361624,
    0.14599928665954057,
    0.19153785879372873,
    0.16619940639145575,
    0.15161054741428745,
    0.1298400415693584,
    0.08962552652089248,
    0.053110003004221494,
    0.029927896465438943,
    -0.028341944895785537,
    -0.07180960292691065,
    -0.10242483090199128,
    -0.12788654195697607,
    -0.13666082315891073,
    -0.15163466319333377,
    -0.1735698335720879,
    -0.18940606362466927,
    -0.20234489734752967,
    -0.20660131271826487,
    -0.2113635303081109,
    -0.21071218687662527,
    -0.21378000117704232,
    -0.2084959939760836,
    -0.21109403006628016,
    -0.19985492504368785,
    -0.18701656350752527,
    -0.16928892673288656,
    -0.14896126299638135,
    -0.13806604063623087,
    -0.1290960919187832,
    -0.10837239616959456,
    -0.0907268809245576,
    -0.06197379041578069,
    -0.046033552250110035,
    -0.02044431119166071,
    -0.005299370432852193
  ]
}