{
  "alpha": [
    0.0,
    0.25,
    0.5,
    0.75,
    1.0,
    1.25,
    1.5,
    1.75,
    2.0,
    2.25,
    2.5,
    2.75,
    3.0,
    3.25,
    3.5,
    3.75,
    4.0,
    4.25,
    4.5,
    4.75,
    5.0,
    5.25,
    5.5,
    5.75,
    6.0,
    6.25,
    6.5,
    6.75,
    7.0,
    7.25,
    7.5
  ],
  "T": [
    -0.0006903696427178267,
    0.04715232473688128,
    0.10779064330049784,
    0.14064580284119865,
    0.1842641878331309,
    0.20201783216413072,
    0.20416802005574455,
    0.20082651049291825,
    0.1805396425729471,
    0.13615215182532697,
    0.06585283681449965,
    -0.0392570442022602,
    -0.12089073123859048,
    -0.17736953777496656,
    -0.12779055060435984,
    0.016785038478505983,
    0.13775407297007103,
    0.15229514204863143,
    0.11356475915761503,
    0.09126561990830392,
    -0.052805592479374656,
    -0.12606886812952528,
    -0.16864940315060808,
    -0.19524143717554904,
    -0.2080302930916171,
    -0.20883588137715928,
    -0.18142650197911073,
    -0.14598743611933063,
    -0.1103408128670772,
    -0.05471998344451405,
    -0.00507316574730106
  ]
}