{
  "Case": [
    [
      0.5,
      0.0,
      0.0
    ],
    [
      0.5,
      0.0,
      0.5
    ],
    [
      0.5,
      0.0,
      1.0
    ],
    [
      0.5,
      0.0,
      1.5
    ],
    [
      0.5,
      0.0,
      2.0
    ],
    [
      0.5,
      0.0,
      2.5
    ],
    [
      0.5,
      0.0,
      3.0
    ],
    [
      0.5,
      0.0,
      3.5
    ],
    [
      0.5,
      0.0,
      4.0
    ],
    [
      0.5,
      0.0,
      4.5
    ],
    [
      0.5,
      0.0,
      5.0
    ],
    [
      0.5,
      0.0,
      5.5
    ],
    [
      0.5,
      0.0,
      6.0
    ],
    [
      0.5,
      0.0,
      6.5
    ],
    [
      0.5,
      0.0,
      7.0
    ],
    [
      0.5,
      0.0,
      7.5
    ]
  ],
  "Torque": [
    -0.0015976995686714944,
    -0.1085473309257636,
    -0.2027668723519128,
    -0.28982276166379906,
    -0.3754630306027968,
    -0.42405044857696966,
    -0.148481751909544,
    0.09832444004720192,
    -0.061325371373096946,
    0.15470028668083144,
    0.4341974825665935,
    0.37571090303845095,
    0.27959286919347054,
    0.20723040592580608,
    0.11512127704905407,
    0.003664033121150832
  ]
}