{
  "I0": 250,
  "alpha": [
    0.0,
    8.0,
    16.0,
    24.0,
    32.0,
    40.0,
    48.0,
    56.0,
    64.0,
    72.0,
    80.0,
    88.0,
    96.0,
    104.0,
    112.0,
    120.0,
    128.0,
    136.0,
    144.0,
    152.0,
    160.0,
    168.0,
    176.0
  ],
  "T": [
    -0.10151166539260673,
    -5.242075277257586,
    -9.752769725329488,
    -11.790574734094912,
    -9.585605656705631,
    0.8556398146142816,
    23.328309296068976,
    51.84674458820941,
    81.97644263396649,
    112.7575892077148,
    145.63602215253903,
    181.86797540000296,
    219.97921911150456,
    256.4298719736942,
    285.9131980312305,
    309.15382818603234,
    327.16603540329766,
    339.2773013075404,
    340.6840875280386,
    314.42607984430066,
    244.65826843072472,
    151.5163636697729,
    51.517444499889336
  ]
}