"rotorangle","Torque"
0.0,3.547798164097034e-05
15.0,0.18787940934188838
30.0,0.8708444340427546
45.0,0.00017440456609537508
