"rotorangle","Torque"
0.0,-0.008578967843995224
0.125,0.03309828296903387
0.25,0.07528849778715156
0.375,0.116473004390234
0.5,0.15290158203698465
0.625,0.18602590114303671
0.75,0.21640614539419975
0.875,0.24122910357267047
1.0,0.26066127717973103
1.125,0.27638431661543206
1.25,0.2875133109019404
1.375,0.29295026722929424
1.5,0.29415552258464633
1.625,0.29220987908081986
1.75,0.28550699523059303
1.875,0.2745286324773995
2.0,0.2618818548147366
2.125,0.2464487141951984
2.25,0.2276017114581803
2.375,0.20824307981449808
2.5,0.18861119567268375
2.625,0.16714272549116935
2.75,0.1455460167110089
2.875,0.12587332692828432
3.0,0.10591191000826625
3.125,0.08569325105046584
3.25,0.068862751051122
3.375,0.053268541242437024
3.5,0.03762878968019285
3.625,0.025383033270320928
3.75,0.01563423188986587
3.875,0.005982365494412
4.0,-0.0016308519004820889
4.125,-0.006138190628520343
4.25,-0.010883966786618184
4.375,-0.015328779978020656
4.5,-0.016888872833501753
4.625,-0.018608553189775223
4.75,-0.021199184674005975
4.875,-0.021786772199422624
5.0,-0.021565139853527954
5.125,-0.022558454045096175
5.25,-0.022810472962164537
5.375,-0.02121319955311631
5.5,-0.020822535474384937
5.625,-0.02100694613350227
5.75,-0.019080167510930095
5.875,-0.017904379852187294
6.0,-0.01813411179037936
6.125,-0.01683838014427312
6.25,-0.015102964657228992
6.375,-0.014868389535531544
6.5,-0.01413735404871844
6.625,-0.01168762887043188
6.75,-0.010504823774868832
6.875,-0.009939634255509007
7.0,-0.007286782469003211
7.125,-0.005440095895848806
7.25,-0.005056866222253272
7.375,-0.003236621007918802
7.5,-0.0010669760573660328
