{
  "alpha": [
    0.0,
    0.25,
    0.5,
    0.75,
    1.0,
    1.25,
    1.5,
    1.75,
    2.0,
    2.25,
    2.5,
    2.75,
    3.0,
    3.25,
    3.5,
    3.75,
    4.0,
    4.25,
    4.5,
    4.75,
    5.0,
    5.25,
    5.5,
    5.75,
    6.0,
    6.25,
    6.5,
    6.75,
    7.0,
    7.25,
    7.5
  ],
  "T": [
    0.0020052831215659705,
    0.0512035447274581,
    0.10721151883906983,
    0.14458439088345176,
    0.18326589598096624,
    0.20328188593251423,
    0.20766982232287728,
    0.202491974720642,
    0.17848427844815976,
    0.12748726616371,
    0.05892988223042778,
    -0.05416595945781872,
    -0.1563054064452581,
    -0.19149539963174367,
    -0.11600509590923976,
    0.019809432711816007,
    0.17174403130027335,
    0.2273207310804284,
    0.20543922710733256,
    0.08880828937729912,
    -0.07701033027945409,
    -0.12299378789615192,
    -0.152321782736448,
    -0.19368483957434224,
    -0.203905353566528,
    -0.2056696645081476,
    -0.17872477870229728,
    -0.1450994112371861,
    -0.10809867987531167,
    -0.051606088768222265,
    -0.0015314887615741745
  ]
}