{
  "I0": 250,
  "alpha": [
    0.0,
    9.0,
    18.0,
    27.0,
    36.0,
    45.0,
    54.0,
    63.0,
    72.0,
    81.0,
    90.0,
    99.0,
    108.0,
    117.0,
    126.0,
    135.0,
    144.0,
    153.0,
    162.0,
    171.0,
    180.0
  ],
  "T": [
    0.21903465528926935,
    -128.79883404372745,
    -240.44434415128168,
    -321.3000926043326,
    -357.7184315523171,
    -352.413815911323,
    -331.31950970193515,
    -302.4615694999736,
    -265.38197627046554,
    -222.7572589993292,
    -180.0464159231612,
    -142.44267467978025,
    -110.91060162656169,
    -81.34231672060127,
    -50.760277621820606,
    -20.02066268063736,
    3.4010015657619985,
    11.194273307401463,
    9.784293930846744,
    4.589005091552185,
    0.10630360004177096
  ]
}
