{
  "alpha": [
    0.0,
    1.0,
    2.0,
    3.0,
    4.0,
    5.0,
    6.0,
    7.0,
    8.0,
    9.0,
    10.0,
    11.0,
    12.0,
    13.0,
    14.0,
    15.0,
    16.0,
    17.0,
    18.0,
    19.0,
    20.0,
    21.0,
    22.0,
    23.0,
    24.0,
    25.0,
    26.0,
    27.0,
    28.0,
    29.0,
    30.0,
    31.0,
    32.0,
    33.0,
    34.0,
    35.0,
    36.0,
    37.0,
    38.0,
    39.0,
    40.0,
    41.0,
    42.0,
    43.0,
    44.0,
    45.0
  ],
  "T": [
    -4.193535331733752e-07,
    0.00019827701561019303,
    0.0004037198617861316,
    0.0006217863731586956,
    0.000860750601835542,
    0.0011278761286861907,
    0.0014378303667042368,
    0.0018099847956567039,
    0.002272684026942026,
    0.002868116619046168,
    0.003672177303205898,
    0.004823644925081768,
    0.006622144420119578,
    0.009889108149692984,
    0.017075185346824874,
    0.0294630520040683,
    0.03322247698751896,
    0.03398373987867198,
    0.0342008321865113,
    0.03423970726641024,
    0.0341200540551822,
    0.03398738467346986,
    0.03380010745748852,
    0.03353583619631746,
    0.03308541273553408,
    0.0322963773438956,
    0.03060361628734472,
    0.02790364075571504,
    0.02486253293311048,
    0.0220082062554988,
    0.0194869088274992,
    0.017306824159148904,
    0.015413177566473322,
    0.013849813568790333,
    0.012487564475126863,
    0.01140123988210152,
    0.010437170493234255,
    0.009648530237881196,
    0.008904454445150667,
    0.008280918815054609,
    0.007643973638802448,
    0.007058649853983862,
    0.00645607192355937,
    0.00574297096909161,
    0.004542348127294216,
    2.553775403864436e-05
  ]
}