"rotorangle","Torque"
0.0,0.012805024909586873
0.125,0.06008617254232817
0.25,0.10790333290729104
0.375,0.15332474704139296
0.5,0.1944080982649396
0.625,0.2296083485885753
0.75,0.2602048885239326
0.875,0.28564715860152234
1.0,0.30618078242194113
1.125,0.3211566382052644
1.25,0.3304468984801941
1.375,0.334367434507108
1.5,0.33331197031633675
1.625,0.32843037760939214
1.75,0.31967700361856766
1.875,0.3075380509231466
2.0,0.2919181521872617
2.125,0.27371525164419486
2.25,0.2538093798227372
2.375,0.2325287899250295
2.5,0.21041228593022696
2.625,0.18681280095218064
2.75,0.16250433626185448
2.875,0.13848304128448177
3.0,0.11657442164580248
3.125,0.09596433401118767
3.25,0.07615497388567073
3.375,0.05818853914200687
3.5,0.04323945782734118
3.625,0.030669244971562606
3.75,0.01979527054929376
3.875,0.01043150041233824
4.0,0.002700520383565488
4.125,-0.003861810354595765
4.25,-0.009465170989845471
4.375,-0.01428184371787004
4.5,-0.01825898149853931
4.625,-0.021032805951013513
4.75,-0.02272681136973888
4.875,-0.02352034697779576
5.0,-0.023338787956287497
5.125,-0.021916475369596743
5.25,-0.019901179414156936
5.375,-0.01811621423038809
5.5,-0.016358113905350264
5.625,-0.014793212375019824
5.75,-0.01380957863449968
5.875,-0.013083052426238449
6.0,-0.011939085263314032
6.125,-0.010727559413709616
6.25,-0.009379465331647496
6.375,-0.007381593762858735
6.5,-0.005010240749536852
6.625,-0.002817567148434136
6.75,-0.0006428828621855809
6.875,0.001556424327853804
7.0,0.003273658734042528
7.125,0.0042292020753659475
7.25,0.00480821690258362
7.375,0.00485941657197658
7.5,0.004385287768215957
