"rotorangle","Torque"
0.0,0.0118006757134694
0.125,0.05907683459522915
0.25,0.10687088614438103
0.375,0.1522775706951199
0.5,0.19335630933232745
0.625,0.2285282141513744
0.75,0.25910486236330743
0.875,0.28453745758752025
1.0,0.3050392360837492
1.125,0.319979189505216
1.25,0.3292300510996676
1.375,0.33307688537237334
1.5,0.33197701473065494
1.625,0.3270009318740292
1.75,0.31817112506459583
1.875,0.3059678715986304
2.0,0.2902587576902748
2.125,0.27196110120758366
2.25,0.251966071870409
2.375,0.2306003036576408
2.5,0.2084092219982236
2.625,0.1847701847818271
2.75,0.16037835055007169
2.875,0.13632167720677313
3.0,0.11440288821709152
3.125,0.09386031871017383
3.25,0.07402325841577607
3.375,0.05617166051316184
3.5,0.04122436184352553
3.625,0.028787103771159697
3.75,0.01793079668731161
3.875,0.00865443095560432
4.0,0.0010109212262454567
4.125,-0.005471359495832337
4.25,-0.011004333457396416
4.375,-0.0157528475337766
4.5,-0.01967920927788712
4.625,-0.022406540321019346
4.75,-0.024060608915174593
4.875,-0.02482092381585508
5.0,-0.024550741704408352
5.125,-0.023094790303970457
5.25,-0.02111854675051364
5.375,-0.01931402487642972
5.5,-0.01754190034481553
5.625,-0.015908711377493136
5.75,-0.014976929642024352
5.875,-0.014205019841907104
6.0,-0.013070709101272455
6.125,-0.011873370334766768
6.25,-0.010543263200762551
6.375,-0.008563067626907433
6.5,-0.006199926400940788
6.625,-0.004028639172145214
6.75,-0.0018668587357820584
6.875,0.0003433422341606253
7.0,0.002036091019872932
7.125,0.0030139156696102126
7.25,0.0035961317853076776
7.375,0.003637577878727508
7.5,0.0031780429538006256
