"rotorangle","Torque"
0.0,0.019392249343197752
0.125,0.06631213538170692
0.25,0.1137070957898
0.375,0.15864788238911567
0.5,0.19914327429897577
0.625,0.23381647923552057
0.75,0.26408154662145794
0.875,0.2892935424567524
1.0,0.30933275693090706
1.125,0.3237322373868695
1.25,0.33262428423679297
1.375,0.3363369854537655
1.5,0.3351323369578594
1.625,0.32986123631752035
1.75,0.3207973481945178
1.875,0.308593873264412
2.0,0.29309385990113346
2.125,0.274957078625485
2.25,0.2549493269856129
2.375,0.233620929381084
2.5,0.21164499334669415
2.625,0.18834675730072656
2.75,0.16418787855229544
2.875,0.14012799593124833
3.0,0.11818812003154056
3.125,0.09776811437802968
3.25,0.07806141918243838
3.375,0.06002838471615464
3.5,0.044695748620685274
3.625,0.03198832340770501
3.75,0.021032291617495497
3.875,0.011667639303504833
4.0,0.0037359691656126074
4.125,-0.003061536069566567
4.25,-0.008691173253388992
4.375,-0.013319803226138911
4.5,-0.017082666058759504
4.625,-0.019805402414970065
4.75,-0.021468208536155848
4.875,-0.022099688189173967
5.0,-0.021612368635194352
5.125,-0.020104837981947943
5.25,-0.01828388585982577
5.375,-0.016595203982422497
5.5,-0.014798176425939023
5.625,-0.013048064261552096
5.75,-0.012044630314464504
5.875,-0.011379173792790704
6.0,-0.010343519813174528
6.125,-0.00908483592837568
6.25,-0.007646055750521444
6.375,-0.005784666994852905
6.5,-0.0036424285492693176
6.625,-0.0015374546170846169
6.75,0.000738383004331645
6.875,0.003109181993080167
7.0,0.00483100186911752
7.125,0.005790079596213696
7.25,0.006455912457785076
7.375,0.006740639943339862
7.5,0.006521314873579941
